<?xml version="1.0" encoding="UTF-8" ?>
<!-- Generated by Oracle SOA Modeler version 12.2.1.3.0.170820 at [11/12/18 12:26 AM]. -->
<composite name="BISoaApp"
           revision="1.0"
           label="2018-11-12_00-26-17_711"
           mode="active"
           state="on"
           xmlns="http://xmlns.oracle.com/sca/1.0"
           xmlns:xs="http://www.w3.org/2001/XMLSchema"
           xmlns:wsp="http://schemas.xmlsoap.org/ws/2004/09/policy"
           xmlns:orawsp="http://schemas.oracle.com/ws/2006/01/policy"
           xmlns:ui="http://xmlns.oracle.com/soa/designer/"
           xmlns:sca-ext="http://xmlns.oracle.com/sca/1.0-ext">
  <import namespace="http://xmlns.oracle.com/FusionBIPSoaApp/BISoaApp/BIBpelProcess" location="WSDLs/BIBpelProcess.wsdl"
          importType="wsdl"/>
  <import namespace="http://xmlns.oracle.com/oxp/service/v2"
          location="https://ucf5-zeop-fa-ext.oracledemos.com/xmlpserver/services/v2/ReportService?wsdl"
          importType="wsdl"/>
  <import namespace="http://xmlns.oracle.com/pcbpel/adapter/file/FusionBIPSoaApp/BISoaApp/WriteToFile"
          location="WSDLs/WriteToFile.wsdl" importType="wsdl"/>
  <import namespace="http://xmlns.oracle.com/oxp/service/v2" location="WSDLs/ReportServiceSoapWrapper.wsdl"
          importType="wsdl"/>
  <service name="bibpelprocess_client_ep" ui:wsdlLocation="WSDLs/BIBpelProcess.wsdl">
    <interface.wsdl interface="http://xmlns.oracle.com/FusionBIPSoaApp/BISoaApp/BIBpelProcess#wsdl.interface(BIBpelProcess)"/>
    <binding.ws port="http://xmlns.oracle.com/FusionBIPSoaApp/BISoaApp/BIBpelProcess#wsdl.endpoint(bibpelprocess_client_ep/BIBpelProcess_pt)"/>
  </service>
  <property name="productVersion" type="xs:string" many="false">12.2.1.3.0.170820</property>
  <property name="compositeID" type="xs:string" many="false">efe41cea-2923-4371-b6fb-3c577ea7b0bf</property>
  <component name="BIBpelProcess" version="2.0">
    <implementation.bpel src="BPEL/BIBpelProcess.bpel"/>
    <componentType>
      <service name="bibpelprocess_client" ui:wsdlLocation="WSDLs/BIBpelProcess.wsdl">
        <interface.wsdl interface="http://xmlns.oracle.com/FusionBIPSoaApp/BISoaApp/BIBpelProcess#wsdl.interface(BIBpelProcess)"/>
      </service>
      <reference name="WriteToFile" ui:wsdlLocation="WSDLs/WriteToFile.wsdl">
        <interface.wsdl interface="http://xmlns.oracle.com/pcbpel/adapter/file/FusionBIPSoaApp/BISoaApp/WriteToFile#wsdl.interface(Write_ptt)"/>
      </reference>
      <reference name="ReportServiceSoap" ui:wsdlLocation="WSDLs/ReportServiceSoapWrapper.wsdl">
        <interface.wsdl interface="http://xmlns.oracle.com/oxp/service/v2#wsdl.interface(ReportService)"/>
      </reference>
    </componentType>
    <property name="bpel.config.oneWayDeliveryPolicy" type="xs:string" many="false">async.persist</property>
  </component>
  <reference name="ReportServiceSoap"
             ui:wsdlLocation="https://ucf5-zeop-fa-ext.oracledemos.com/xmlpserver/services/v2/ReportService?wsdl">
    <interface.wsdl interface="http://xmlns.oracle.com/oxp/service/v2#wsdl.interface(ReportService)"/>
    <binding.ws port="http://xmlns.oracle.com/oxp/service/v2#wsdl.endpoint(ReportService/ReportService)"
                location="https://ucf5-zeop-fa-ext.oracledemos.com/xmlpserver/services/v2/ReportService?wsdl"
                soapVersion="1.1">
      <property name="weblogic.wsee.wsat.transaction.flowOption" type="xs:string" many="false">WSDLDriven</property>
    </binding.ws>
  </reference>
  <reference name="WriteToFile" ui:wsdlLocation="WSDLs/WriteToFile.wsdl">
    <interface.wsdl interface="http://xmlns.oracle.com/pcbpel/adapter/file/FusionBIPSoaApp/BISoaApp/WriteToFile#wsdl.interface(Write_ptt)"/>
    <binding.jca config="Adapters/WriteToFile_file.jca"/>
  </reference>
  <wire>
    <source.uri>bibpelprocess_client_ep</source.uri>
    <target.uri>BIBpelProcess/bibpelprocess_client</target.uri>
  </wire>
  <wire>
    <source.uri>BIBpelProcess/WriteToFile</source.uri>
    <target.uri>WriteToFile</target.uri>
  </wire>
  <wire>
    <source.uri>BIBpelProcess/ReportServiceSoap</source.uri>
    <target.uri>ReportServiceSoap</target.uri>
  </wire>
</composite>
