<?xml version="1.0" encoding="UTF-8"?>
<dgm:gDiagram xmlns:dgm="http://xmlns.oracle.com/sca/soadgm">
    <dgm:gService name="bibpelprocess_client_ep">
        <dgm:body borderWidth="2" arcRad="20" X="21" Y="120" width="137" height="84">
            <dgm:borderColor r="153" g="153" b="153"/>
            <dgm:bgColor r="255" g="255" b="255"/>
        </dgm:body>
        <dgm:shadow arcRad="20" X="11" Y="113" width="156" height="98">
            <dgm:bgColor r="196" g="228" b="240"/>
        </dgm:shadow>
        <dgm:outputPort name="bibpelprocess_client_ep" X="127" Y="0" diameter="20" imageURI="oracle/tip/tools/ide/fabric/resource/image/visuals_rd1/servicereference.png" interface="http://xmlns.oracle.com/FusionBIPSoaApp/BISoaApp/BIBpelProcess#wsdl.interface(BIBpelProcess)"/>
        <dgm:nodeIcon URI="/oracle/tip/tools/ide/adapters/designtime/adapter/images/soap_service_20x20.png" X="20" Y="4" width="20" height="20"/>
        <dgm:operations>
            <dgm:item>process</dgm:item>
        </dgm:operations>
    </dgm:gService>
    <dgm:gReference name="ReportServiceSoap">
        <dgm:body borderWidth="2" arcRad="20" X="824" Y="145" width="136" height="168">
            <dgm:borderColor r="153" g="153" b="153"/>
            <dgm:bgColor r="255" g="255" b="255"/>
        </dgm:body>
        <dgm:shadow arcRad="20" X="814" Y="138" width="156" height="182">
            <dgm:bgColor r="196" g="228" b="240"/>
        </dgm:shadow>
        <dgm:inputPort name="ReportServiceSoap" X="-10" Y="0" diameter="20" imageURI="oracle/tip/tools/ide/fabric/resource/image/visuals_rd1/servicereference.png" interface="http://xmlns.oracle.com/oxp/service/v2#wsdl.interface(ReportService)"/>
        <dgm:nodeIcon URI="/oracle/tip/tools/ide/adapters/designtime/adapter/images/soap_service_20x20.png" X="27" Y="4" width="20" height="20"/>
        <dgm:operations>
            <dgm:item>getTemplate</dgm:item>
            <dgm:item>createReport</dgm:item>
            <dgm:item>getReportDefinitionInSession</dgm:item>
            <dgm:item>updateReportDefinitionInSession</dgm:item>
            <dgm:item>removeObjectFromCacheInSession</dgm:item>
            <dgm:item>updateTemplateForReportInSession</dgm:item>
            <dgm:item>getReportParameters</dgm:item>
            <dgm:item>runReport</dgm:item>
            <dgm:item>getTemplateAvailableLocales</dgm:item>
            <dgm:item>runReportInSession</dgm:item>
            <dgm:item>runDataModel</dgm:item>
            <dgm:item>runDataModelInSession</dgm:item>
            <dgm:item>getReportDefinition</dgm:item>
            <dgm:item>getMobileAppDefinition</dgm:item>
            <dgm:item>getMobileAppDefinitionInSession</dgm:item>
            <dgm:item>getReportSampleData</dgm:item>
            <dgm:item>getReportSampleDataInSession</dgm:item>
            <dgm:item>getXDOSchema</dgm:item>
            <dgm:item>getXDOSchemaInSession</dgm:item>
            <dgm:item>getTemplateAvailableLocalesInSession</dgm:item>
            <dgm:item>getTemplateAvailableXLIFFs</dgm:item>
            <dgm:item>getTemplateAvailableXLIFFsInSession</dgm:item>
            <dgm:item>getTemplateInSession</dgm:item>
            <dgm:item>getReportParametersInSession</dgm:item>
            <dgm:item>getTemplateParameters</dgm:item>
            <dgm:item>getTemplateParametersInSession</dgm:item>
            <dgm:item>getListOfSubjectArea</dgm:item>
            <dgm:item>getListOfSubjectAreaInSession</dgm:item>
            <dgm:item>createReportInSession</dgm:item>
            <dgm:item>updateReportDefinition</dgm:item>
            <dgm:item>removeObjectFromCache</dgm:item>
            <dgm:item>updateMobileAppDefinition</dgm:item>
            <dgm:item>updateMobileAppDefinitionInSession</dgm:item>
            <dgm:item>uploadTemplateForReport</dgm:item>
            <dgm:item>uploadTemplateForReportInSession</dgm:item>
            <dgm:item>updateTemplateForReport</dgm:item>
            <dgm:item>removeTemplateForReport</dgm:item>
            <dgm:item>removeTemplateForReportInSession</dgm:item>
            <dgm:item>uploadXLIFFForReport</dgm:item>
            <dgm:item>updateXLIFFForReportInSession</dgm:item>
            <dgm:item>updateXLIFFForReport</dgm:item>
            <dgm:item>uploadXLIFFForReportInSession</dgm:item>
            <dgm:item>uploadReportDataChunk</dgm:item>
            <dgm:item>uploadReportDataChunkInSession</dgm:item>
            <dgm:item>downloadReportDataChunk</dgm:item>
            <dgm:item>downloadReportDataChunkInSession</dgm:item>
        </dgm:operations>
    </dgm:gReference>
    <dgm:gReference name="WriteToFile">
        <dgm:body borderWidth="2" arcRad="20" X="824" Y="26" width="136" height="84">
            <dgm:borderColor r="153" g="153" b="153"/>
            <dgm:bgColor r="255" g="255" b="255"/>
        </dgm:body>
        <dgm:shadow arcRad="20" X="814" Y="19" width="156" height="98">
            <dgm:bgColor r="196" g="228" b="240"/>
        </dgm:shadow>
        <dgm:inputPort name="WriteToFile" X="-10" Y="0" diameter="20" imageURI="oracle/tip/tools/ide/fabric/resource/image/visuals_rd1/servicereference.png" interface="http://xmlns.oracle.com/pcbpel/adapter/file/FusionBIPSoaApp/BISoaApp/WriteToFile#wsdl.interface(Write_ptt)"/>
        <dgm:nodeIcon URI="/oracle/tip/tools/ide/adapters/designtime/adapter/images/file_adapter_20x20.png" X="27" Y="4" width="20" height="20"/>
        <dgm:operations>
            <dgm:item>Write</dgm:item>
        </dgm:operations>
    </dgm:gReference>
    <dgm:gComponent name="BIBpelProcess">
        <dgm:body borderWidth="2" arcRad="20" X="426" Y="105" width="130" height="86">
            <dgm:borderColor r="69" g="113" b="140"/>
            <dgm:lightBgColor r="166" g="208" b="230"/>
            <dgm:darkBgColor r="99" g="162" b="201"/>
        </dgm:body>
        <dgm:shadow arcRad="20" X="416" Y="98" width="150" height="102">
            <dgm:bgColor r="196" g="228" b="240"/>
        </dgm:shadow>
        <dgm:inputPort name="bibpelprocess_client" X="-10" Y="15" diameter="20" imageURI="oracle/tip/tools/ide/fabric/resource/image/visuals_rd1/servicereference.png" interface="http://xmlns.oracle.com/FusionBIPSoaApp/BISoaApp/BIBpelProcess#wsdl.interface(BIBpelProcess)"/>
        <dgm:outputPort name="WriteToFile" X="120" Y="15" diameter="20" imageURI="oracle/tip/tools/ide/fabric/resource/image/visuals_rd1/servicereference.png" interface="http://xmlns.oracle.com/pcbpel/adapter/file/FusionBIPSoaApp/BISoaApp/WriteToFile#wsdl.interface(Write_ptt)"/>
        <dgm:outputPort name="ReportServiceSoap" X="120" Y="40" diameter="20" imageURI="oracle/tip/tools/ide/fabric/resource/image/visuals_rd1/servicereference.png" interface="http://xmlns.oracle.com/oxp/service/v2#wsdl.interface(ReportService)"/>
        <dgm:nodeIcon URI="/oracle/tip/tools/ide/bpel/shared/plugins/resources/images/soa/process_20x20.png" X="10" Y="4" width="20" height="20"/>
    </dgm:gComponent>
    <dgm:gWireLink source="bibpelprocess_client_ep" target="BIBpelProcess/bibpelprocess_client" width="2">
        <dgm:gSegment X1="168" Y1="130" X2="416" Y2="130"/>
        <dgm:baseColor r="153" g="153" b="153"/>
        <dgm:selectedColor r="49" g="106" b="196"/>
    </dgm:gWireLink>
    <dgm:gWireLink source="BIBpelProcess/WriteToFile" target="WriteToFile" width="2">
        <dgm:gSegment X1="566" Y1="130" X2="590" Y2="130"/>
        <dgm:gSegment X1="590" Y1="130" X2="590" Y2="36"/>
        <dgm:gSegment X1="590" Y1="36" X2="814" Y2="36"/>
        <dgm:baseColor r="153" g="153" b="153"/>
        <dgm:selectedColor r="49" g="106" b="196"/>
    </dgm:gWireLink>
    <dgm:gWireLink source="BIBpelProcess/ReportServiceSoap" target="ReportServiceSoap" width="2">
        <dgm:gSegment X1="566" Y1="155" X2="814" Y2="155"/>
        <dgm:baseColor r="153" g="153" b="153"/>
        <dgm:selectedColor r="49" g="106" b="196"/>
    </dgm:gWireLink>
</dgm:gDiagram>