<?xml version="1.0" encoding="UTF-8"?>
<SOAConfigPlan xmlns:jca="http://platform.integration.oracle/blocks/adapter/fw/metadata" xmlns:wsp="http://schemas.xmlsoap.org/ws/2004/09/policy" xmlns:orawsp="http://schemas.oracle.com/ws/2006/01/policy" xmlns:edl="http://schemas.oracle.com/events/edl" xmlns="http://schemas.oracle.com/soa/configplan">
   <composite name="BISoaApp">
      <!--Add search and replace rules for the import section of a composite
	Example:
	<searchReplace>
		<search>http://my-dev-server</search>
		<replace>http://my-test-server</replace>
	<searchReplace>
	<searchReplace>
		<search>8888</search>
		<replace>8889</replace>
	<searchReplace>-->
      <import>
         <searchReplace>
            <search/>
            <replace/>
         </searchReplace>
      </import>
      <service name="bibpelprocess_client_ep">
         <binding type="ws">
            <attribute name="port">
               <replace>http://xmlns.oracle.com/FusionBIPSoaApp/BISoaApp/BIBpelProcess#wsdl.endpoint(bibpelprocess_client_ep/BIBpelProcess_pt)</replace>
            </attribute>
         </binding>
      </service>
      <property name="productVersion">
         <replace>12.2.1.3.0.170820</replace>
      </property>
      <property name="compositeID">
         <replace>efe41cea-2923-4371-b6fb-3c577ea7b0bf</replace>
      </property>
      <!--Add search and replace rules for the component properties
	For components and service/reference bindings, you can add policy references.
	Example:
	<component name="*">
		<wsp:PolicyReference orawsp:category="management" orawsp:status="enabled" URI="oracle/log_policy"/>
	</component>-->
      <component name="BIBpelProcess">
         <property name="bpel.config.oneWayDeliveryPolicy">
            <replace>async.persist</replace>
         </property>
      </component>
      <reference name="ReportServiceSoap">
         <!--Add search and replace rules for the binding properties-->
         <binding type="ws">
            <attribute name="port">
               <replace>http://xmlns.oracle.com/oxp/service/v2#wsdl.endpoint(ReportService/ReportService)</replace>
            </attribute>
            <attribute name="location">
               <replace>https://ucf5-zeop-fa-ext.oracledemos.com/xmlpserver/services/v2/ReportService?wsdl</replace>
            </attribute>
            <property name="weblogic.wsee.wsat.transaction.flowOption">
               <replace>WSDLDriven</replace>
            </property>
         </binding>
      </reference>
      <reference name="WriteToFile">
         <binding type="jca"/>
      </reference>
   </composite>
   <!--To configure monitor.config: 
	<property name="enabled"><replace>true</replace></property>
	<property name="dataObjectsFolder"><searchReplace><search>mydev</search><replace>myproduction</replace></searchReplace></property>
	
	sample properties to configure for file/ftp adapter: 
	<jca:property name="PhysicalDirectory"><replace>c:\temp</replace></jca:property>
	<jca:property name="DeleteFile"><replace>true</replace></jca:property>
	<jca:property name="PollingFrequency"><replace>3</replace></jca:property>
	
	To add search and replace rules for wsdls, xsd and jca files
	Example:
	<searchReplace>
		<search>http://my-dev-server</search>
		<replace>http://my-test-server</replace>
	<searchReplace>
	<searchReplace>
		<search>8888</search>
		<replace>8889</replace>
	<searchReplace>
	-->
   <wsdlAndSchema name="Adapters/WriteToFile_file.jca|Schemas/BIBpelProcess.xsd|WSDLs/BIBpelProcess.wsdl|WSDLs/ReportServiceSoapWrapper.wsdl|WSDLs/WriteToFile.wsdl">
      <searchReplace>
         <search/>
         <replace/>
      </searchReplace>
   </wsdlAndSchema>
</SOAConfigPlan>
